design,mode,cells,macros,nets,pins,bins,fillers,ref_hpwl,initial_hpwl,hpwl,hpwl_vs_ref,hpwl_vs_first_mode,overflow,iterations,trial_iterations,time_initial_s,time_global_s,ms_per_iter
rand1000_m0_s0,default,1000,0,1063,3904,32,458,76779.81268930435,20522.08331298828,45922.73184919357,0.5981094540439109,1.0,0.09823048816859252,293,0,0.19976245900033973,0.5793086060148198,1.9771624778662793
rand1000_m0_s0,ds,1000,0,1063,3904,32,458,76779.81268930435,20522.08331298828,45909.43389630318,0.5979362580901229,0.9997104276606613,0.09979363545500974,1276,207,0.20816279298742302,2.6982787890010513,1.819473222522624
rand1000_m0_s0,ld,1000,0,1063,3904,32,458,76779.81268930435,20522.08331298828,46082.38596200943,0.6001888302135548,1.003476581344075,0.09815241850911063,295,0,0.20601702001295052,0.9057261130074039,3.0702580101945895
rand1000_m0_s0,ldds,1000,0,1063,3904,32,458,76779.81268930435,20522.08331298828,45976.80957746506,0.5988137762658251,1.0011775808209553,0.09975112949009246,1186,204,0.21528097198461182,3.994467465003254,2.8737176007217653
rand2000_m4_s0,default,2000,4,2084,7680,64,918,176422.72043180466,60718.06859588623,112786.66024971008,0.6392978181815716,1.0,0.09852481848751123,298,0,0.35412447998533025,0.9590322920121253,3.218229167825924
rand2000_m4_s0,ds,2000,4,2084,7680,64,918,176422.72043180466,60718.06859588623,112456.85318660736,0.6374284044105136,0.9970758327059909,0.09986352277530379,1314,203,0.30621984400204383,4.308832479000557,2.84036419182634
rand2000_m4_s0,ld,2000,4,2084,7680,64,918,176422.72043180466,60718.06859588623,112817.2564662695,0.6394712437839233,1.000271275135656,0.09825663719602719,297,0,0.3027590049896389,1.5734419169893954,5.297784232287526
rand2000_m4_s0,ldds,2000,4,2084,7680,64,918,176422.72043180466,60718.06859588623,112980.15681922436,0.6403945962441742,1.0017155980067667,0.09958585246022093,1318,204,0.2966163989913184,7.185211848001927,4.720901345599164
rand5000_m9_s0,default,5000,9,5130,20059,64,2301,461970.48244059086,155190.06591033936,295331.21713232994,0.6392859032293462,1.0,0.09831337825703951,282,0,0.9698736809950788,1.402782777993707,4.9744070141620815
rand5000_m9_s0,ds,5000,9,5130,20059,64,2301,461970.48244059086,155190.06591033936,294744.115503788,0.6380150392870435,0.998012056990647,0.0999064986418085,1366,186,0.9074255239975173,7.073580614000093,4.557719467783565
rand5000_m9_s0,ld,5000,9,5130,20059,64,2301,461970.48244059086,155190.06591033936,295343.8740785122,0.6393133009672176,1.0000428567840038,0.09989101894103551,281,0,0.8859656480199192,2.0971563039929606,7.463189693925127
rand5000_m9_s0,ldds,5000,9,5130,20059,64,2301,461970.48244059086,155190.06591033936,295798.1335982084,0.6402966095052358,1.0015809925899886,0.09993189214911498,1313,185,0.8963007960119285,10.70536411300418,7.146437992659666
rand10000_m13_s0,default,10000,13,10178,39358,128,4592,941024.0135281086,309653.2162683606,605857.1668480039,0.6438275305818291,1.0,0.0994553905537947,317,0,1.0709403649962042,2.6075039849965833,8.225564621440325
rand10000_m13_s0,ds,10000,13,10178,39358,128,4592,941024.0135281086,309653.2162683606,603970.0964451432,0.6418221934429971,0.9968852883053638,0.09989785439885353,1508,209,1.099113870994188,13.61959623801522,7.932205147358893
rand10000_m13_s0,ld,10000,13,10178,39358,128,4592,941024.0135281086,309653.2162683606,606318.1654132009,0.644317420912543,1.000760903048478,0.0983951628083335,318,0,1.040858651016606,3.7316995000001043,11.734904088050643
rand10000_m13_s0,ldds,10000,13,10178,39358,128,4592,941024.0135281086,309653.2162683606,604473.5860949159,0.6423572378653865,0.9977163251855448,0.09989469323877283,1498,208,1.057855836028466,19.273837021988584,11.297677035163296
rand20000_m17_s0,default,20000,17,20265,77354,128,9191,1895359.7865133286,622588.6116409302,1212114.3580002785,0.6395167643764688,1.0,0.09935175332617184,295,0,1.3928072090202477,4.258973129995866,14.437197050833444
rand20000_m17_s0,ds,20000,17,20265,77354,128,9191,1895359.7865133286,622588.6116409302,1207471.9590411186,0.637067414658176,0.9961699992013799,0.09998151281177083,1356,187,1.3769859389867634,21.436943236010848,13.89302866883399
rand20000_m17_s0,ld,20000,17,20265,77354,128,9191,1895359.7865133286,622588.6116409302,1212383.9361262321,0.6396589949586896,1.0002224032115241,0.09942168275748237,295,0,1.375471978011774,6.081749649019912,20.616100505152243
rand20000_m17_s0,ldds,20000,17,20265,77354,128,9191,1895359.7865133286,622588.6116409302,1208599.649040699,0.6376623887668411,0.9971003487118344,0.09998919349296072,1378,186,1.3657128240156453,31.001281800010474,19.821791432231763
rand50000_m23_s0,default,50000,23,50388,192958,256,23019,4823649.128139019,1621394.478217125,3121079.8334641457,0.6470370772320808,1.0,0.09980065829812558,325,0,2.760613716993248,11.372969425981864,34.9937520799442
rand50000_m23_s0,ds,50000,23,50388,192958,256,23019,4823649.128139019,1621394.478217125,3100354.134613991,0.6427403926475304,0.9933594461032574,0.09979225634470411,1717,204,2.7684955870208796,65.4896923660126,34.09145880583686
rand50000_m23_s0,ld,50000,23,50388,192958,256,23019,4823649.128139019,1621394.478217125,3122245.633992195,0.6472787615870329,1.0003735247383132,0.09980866552890308,325,0,2.7484707690018695,17.087504516006447,52.57693697232753
rand50000_m23_s0,ldds,50000,23,50388,192958,256,23019,4823649.128139019,1621394.478217125,3101026.949683428,0.6428798752366582,0.9935750173495368,0.09978311005715404,1718,204,2.775707764987601,99.39918508098344,51.71653750311313
